icon,hits
leaf,49475447
shopping-bag,48264955
search,20238745
x,19137919
menu,18742736
car,12598183
external-link,12580648
credit-card,12559136
file-text,12531503
calendar,12517052
calculator,12507632
arrow-right,7990149
gift,7120748
plus,2267466
user,2245494
eye,1801144
video,1727301
clapperboard,1712107
loader-circle,1696278
star,1674477
chevron-right,1635617
chevron-left,1601962
share-2,1534163
circle-question-mark,1496877
circle-user,1433541
lock,1418259
thumbs-up,1415532
gem,1414715
shuffle,1406596
bookmark-plus,1226199
users,1086530
play,945281
minus,741060
sparkles,736580
cloud-rain,602299
cloud,601619
umbrella,600556
star-off,599119
arrow-up,593503
gauge,592205
droplets,590630
wind,588112
thermometer,587847
circle-gauge,585472
chevron-down,544249
map-pin,447091
cloud-rain-wind,391490
heart-plus,356249
moon,351874
sun,290788
mail,258062
trash-2,236992
info,194659
brain,187384
flag,183537
book-open,179731
facebook,178942
arrow-left,175363
check,170855
calendar-check,161402
key,155747
chrome,145423
cloud-sun,143502
baby,139956
heart-pulse,137766
calendar-days,136611
egg,135861
calendar-clock,135040
calendar-search,134433
messages-square,125045
loader,121522
arrow-up-right,117908
share,115893
user-check,114098
clipboard-list,111179
cloud-fog,110110
cloud-drizzle,109730
rocket,109582
megaphone,105866
phone,105358
book-text,104687
heart-handshake,102317
arrow-down,100947
briefcase-business,97426
hand-heart,97254
pen-line,96409
message-circle-question,94060
cloud-snow,87397
ban,73300
settings,73044
bed,67716
shopping-cart,66205
printer,65779
smartphone,64859
maximize-2,64137
bed-double,63587
bath,62317
pie-chart,58394
headphones,57255
feather,55364
activity,51221
palette,50621
briefcase,47221
wallet,46824
zap,45597
shield-check,43937
cloud-lightning,42266
graduation-cap,41805
list-checks,41393
download,41116
clock,38132
home,38084
linkedin,37971
handshake,35373
history,34715
book,33604
globe,33531
music,32860
instagram,31912
award,31764
chevron-up,30970
trending-up,29665
message-square,29400
heart,29383
brain-cog,27263
a-arrow-down,24713
shield,24238
message-circle-more,24205
settings-2,24150
log-out,23908
shield-off,23867
upload,23573
image,23085
message-circle,23011
a-arrow-up,22529
package,21986
building,21982
upload-cloud,21814
send,21735
help-circle,21646
layout-dashboard,21237
check-circle,21128
cable,20215
airplay,20100
alarm-smoke,20052
link,19763
book-heart,19747
a-large-small,19629
edit,19342
server,19297
audio-waveform,18352
air-vent,18150
apple,18089
bar-chart-2,17721
audio-lines,17622
app-window,17436
gamepad-2,17374
circle,17339
code,17289
bell,17267
dollar-sign,17266
layers,17067
accessibility,16982
type,16941
list,16793
copy,16524
volume-2,16395
chevrons-up,16315
bar-chart,16284
alert-triangle,16071
book-check,15998
ampersand,15959
layout-grid,15909
bot,15655
book-a,15567
alarm-clock-off,15390
book-open-check,15074
cog,14987
ampersands,14775
mic,14702
file,14448
refresh-cw,14360
smile,14256
wrench,14187
github,14179
plug,14081
camera,14051
scale,13984
database,13954
alarm-clock-check,13952
binoculars,13793
trash,13532
building-2,13364
tag,13216
book-marked,13118
landmark,13107
flame,13035
alarm-clock,12903
badge-dollar-sign,12874
archive,12843
bar-chart-3,12804
refresh-ccw,12695
align-horizontal-distribute-center,12682
circle-check,12671
brick-wall-shield,12448
key-round,12402
shield-alert,12358
armchair,12165
app-window-mac,12154
align-end-horizontal,12079
align-horizontal-distribute-start,12055
eye-off,12014
book-alert,11996
arrow-down-from-line,11969
clipboard-check,11819
bug,11779
play-circle,11664
save,11646
badge-cent,11628
book-copy,11553
arrow-big-up,11492
archive-restore,11362
arrow-big-up-dash,11315
bandage,11310
ambulance,11310
alarm-clock-minus,11291
anvil,11287
book-type,11246
grid-3x3,11223
align-horizontal-space-around,11030
paperclip,11019
compass,11008
arrow-down-up,11007
align-horizontal-space-between,10981
ticket,10951
target,10917
align-vertical-distribute-start,10890
align-horizontal-distribute-end,10883
antenna,10869
edit-3,10828
badge-indian-rupee,10759
align-center-horizontal,10715
align-start-horizontal,10711
badge-pound-sterling,10644
arrow-up-from-line,10625
archive-x,10598
chart-candlestick,10582
coffee,10481
badge-japanese-yen,10438
brush-cleaning,10397
book-open-text,10393
badge-euro,10390
pencil,10387
arrow-right-from-line,10365
aperture,10349
arrow-down-to-line,10276
quote,10214
align-vertical-justify-start,10157
arrow-left-from-line,10086
book-x,9964
cpu,9916
arrow-big-right,9912
banknote-arrow-down,9819
badge-check,9797
axe,9773
rose,9754
brain-circuit,9701
arrow-right-to-line,9684
link-2,9640
amphora,9622
layout-template,9572
scissors,9571
bottle-wine,9566
camera-off,9524
align-horizontal-justify-start,9497
book-image,9450
x-circle,9445
folder,9441
venus,9436
percent,9404
package-check,9398
layout-list,9392
lightbulb,9392
badge-percent,9369
truck,9361
album,9333
circle-x,9291
badge-russian-ruble,9284
image-play,9261
square,9260
indian-rupee,9224
arrow-down-0-1,9224
arrow-right-left,9196
filter,9173
grid-2x2,9110
code-2,9098
list-ordered,9045
circle-plus,9001
arrow-up-down,8932
align-center-vertical,8927
balloon,8920
banknote-arrow-up,8891
waves,8886
arrow-big-left,8866
banknote-x,8849
arrow-big-down-dash,8815
barcode,8810
align-vertical-distribute-end,8799
shell,8730
box,8727
card-sim,8725
bell-electric,8686
timer,8629
newspaper,8584
arrows-up-from-line,8556
battery-plus,8536
alert-circle,8530
badge-swiss-franc,8516
align-vertical-distribute-center,8515
rotate-ccw,8499
more-vertical,8490
arrow-down-1-0,8490
align-end-vertical,8484
circle-ellipsis,8478
align-vertical-justify-end,8450
shield-half,8312
asterisk,8310
search-check,8302
align-horizontal-justify-center,8227
dog,8193
book-user,8193
badge-turkish-lira,8170
sticker,8164
between-horizontal-start,8137
arrow-down-a-z,8085
tv,8041
brick-wall-fire,8010
thumbs-down,7979
bolt,7978
map,7941
book-headphones,7922
chevrons-left-right-ellipsis,7887
align-horizontal-justify-end,7882
cake-slice,7863
arrow-up-to-line,7853
youtube,7843
arrow-left-right,7809
user-plus,7808
align-start-vertical,7794
chart-no-axes-gantt,7787
presentation,7748
book-plus,7735
arrow-big-down,7733
at-sign,7687
arrow-big-right-dash,7638
sun-snow,7627
columns-4,7599
arrow-down-to-dot,7598
book-audio,7577
bike,7547
figma,7541
align-vertical-space-around,7525
arrow-left-to-line,7523
paw-print,7497
contact,7485
atom,7449
align-vertical-space-between,7398
between-vertical-start,7365
baggage-claim,7329
twitter,7310
cast,7284
terminal,7268
arrow-down-z-a,7210
tent,7208
arrow-down-narrow-wide,7185
align-vertical-justify-center,7171
alarm-clock-plus,7162
log-in,7159
droplet,7142
images,7140
rotate-cw,7128
blend,7070
ethernet-port,7067
layout,6990
bell-off,6969
between-horizontal-end,6969
check-circle-2,6937
arrow-big-left-dash,6931
list-plus,6906
battery-charging,6888
arrow-up-0-1,6865
image-off,6838
folder-open,6836
bean-off,6818
hat-glasses,6818
bug-off,6817
blocks,6800
undo,6799
rectangle-ellipsis,6770
flask-conical,6729
book-dashed,6714
bone,6693
arrow-down-wide-narrow,6688
arrow-up-1-0,6676
circle-off,6667
biceps-flexed,6649
file-pen,6589
drum,6564
ellipsis,6551
blinds,6551
image-down,6542
caravan,6532
mars,6531
bookmark,6524
monitor,6523
book-minus,6482
life-buoy,6454
candy-off,6448
banknote,6441
monitor-play,6429
tv-minimal-play,6428
cake,6425
backpack,6415
between-vertical-end,6376
clipboard,6367
diamond-minus,6366
hammer,6327
annoyed,6327
battery-warning,6307
school,6303
barrel,6302
eclipse,6298
bot-off,6291
chart-network,6280
view,6279
brick-wall,6279
chart-spline,6267
crown,6257
image-plus,6256
chart-area,6216
arrow-up-a-z,6214
house,6210
chart-bar,6205
columns-3,6193
circle-power,6170
shield-plus,6166
headset,6163
shield-x,6161
beaker,6152
pin,6113
circle-slash,6106
bot-message-square,6099
book-key,6094
utensils,6089
disc-3,6070
shield-ban,6054
venus-and-mars,6047
arrow-up-z-a,6043
circle-dollar-sign,6021
bluetooth-searching,5995
brush,5949
ellipsis-vertical,5948
binary,5943
folder-kanban,5913
trees,5911
library,5899
columns-2,5889
ruler,5873
file-code,5856
bubbles,5846
book-search,5798
gpu,5795
mountain,5772
chart-bar-stacked,5733
receipt,5732
bell-plus,5721
trophy,5715
pencil-ruler,5709
tv-minimal,5698
arrow-up-narrow-wide,5679
panel-left,5663
gallery-horizontal-end,5661
mouse-pointer-2,5656
bell-minus,5653
notebook,5649
diamond-plus,5625
battery-full,5619
axis-3d,5610
library-big,5598
clipboard-clock,5596
chart-bar-big,5589
chart-line,5580
calendar-check-2,5574
codesandbox,5561
calendar-arrow-down,5548
panel-right,5546
folder-search,5536
chart-no-axes-combined,5523
bell-ring,5522
drafting-compass,5512
files,5510
wheat,5510
paint-bucket,5502
skip-forward,5500
bluetooth-connected,5495
eraser,5488
wifi,5481
arrow-up-wide-narrow,5468
battery,5452
sliders-horizontal,5447
chart-column-big,5440
skull,5439
hourglass,5438
notebook-text,5418
notebook-pen,5406
toolbox,5404
book-up-2,5404
chart-bar-decreasing,5399
gallery-vertical-end,5389
rainbow,5389
locate-off,5389
copy-plus,5389
disc,5387
circle-pile,5384
beer-off,5372
file-check,5369
bell-dot,5367
book-lock,5324
ferris-wheel,5324
circle-slash-2,5312
laptop,5311
circle-fading-plus,5308
cloud-backup,5306
map-pin-house,5302
proportions,5295
hand-coins,5294
video-off,5290
angry,5276
fire-extinguisher,5257
cloud-moon-rain,5230
circle-dot,5227
ruler-dimension-line,5220
closed-caption,5207
cctv,5199
battery-medium,5178
cloud-alert,5173
boxes,5164
ratio,5147
square-minus,5144
scan-eye,5141
grip-vertical,5131
pill,5126
calendar-plus,5120
hamburger,5109
wallpaper,5102
notebook-tabs,5083
chart-bar-increasing,5082
chart-column-stacked,5071
footprints,5068
battery-low,5062
square-activity,5060
locate-fixed,5049
database-zap,5043
network,5029
circle-star,5018
captions-off,5016
trending-down,5014
file-user,5012
circle-help,5000
music-4,4998
cloud-hail,4997
film,4993
rss,4981
keyboard-music,4980
puzzle,4969
pin-off,4964
bug-play,4958
arrow-up-from-dot,4955
crop,4921
arrow-down-left,4917
signature,4911
monitor-cloud,4909
sticky-note,4901
calendar-sync,4898
hdmi-port,4881
triangle-alert,4864
chart-column-decreasing,4844
cable-car,4836
flag-off,4833
disc-album,4822
flask-conical-off,4809
redo,4801
shield-question-mark,4794
plus-circle,4786
spotlight,4777
snowflake,4773
bed-single,4773
projector,4765
package-open,4763
chevrons-left,4755
chess-king,4754
stethoscope,4746
bluetooth-off,4743
notepad-text,4743
cat,4721
grid-3x2,4713
badge-minus,4688
candy-cane,4685
omega,4684
cloud-sun-rain,4664
chart-no-axes-column-decreasing,4660
chart-column-increasing,4649
waypoints,4649
dessert,4636
guitar,4631
cassette-tape,4626
arrow-down-right,4624
gallery-thumbnails,4619
file-down,4612
combine,4580
workflow,4573
monitor-cog,4571
dice-2,4571
id-card,4568
bomb,4555
forward,4554
container,4554
volleyball,4551
shield-ellipsis,4546
store,4541
beer,4538
sprout,4537
users-round,4537
monitor-pause,4533
dice-3,4506
folder-dot,4496
file-chart-column-increasing,4495
chart-no-axes-column-increasing,4491
slack,4484
arrow-up-left,4468
file-axis-3d,4467
chart-pie,4463
flask-round,4444
command,4429
power,4419
globe-lock,4415
chart-no-axes-column,4404
form,4398
columns-3-cog,4393
land-plot,4384
dice-1,4382
check-check,4375
navigation,4374
component,4371
chart-scatter,4371
castle,4366
corner-up-right,4360
kanban,4357
square-pen,4356
droplet-off,4349
file-search,4327
inbox,4325
book-down,4318
calendar-heart,4317
computer,4315
briefcase-conveyor-belt,4306
earth,4297
factory,4294
dice-4,4283
clock-7,4269
copy-slash,4267
scroll-text,4266
square-plus,4265
gallery-horizontal,4260
database-backup,4255
braces,4250
grid-2x2-check,4244
gavel,4243
baseline,4242
pause,4231
chart-column,4228
file-image,4212
thermometer-sun,4211
key-square,4209
bring-to-front,4206
cloud-cog,4201
dice-6,4199
ticket-slash,4190
chess-queen,4189
bitcoin,4187
user-round,4171
file-sliders,4166
square-chart-gantt,4166
grid-2x2-plus,4165
badge-plus,4161
clipboard-plus,4158
calendar-off,4152
drama,4151
diamond,4137
dice-5,4135
square-library,4126
monitor-stop,4114
pickaxe,4112
chart-gantt,4110
phone-call,4106
frame,4105
hd,4104
plug-zap,4095
hotel,4094
maximize,4093
heart-minus,4089
dot,4085
contact-round,4082
fingerprint-pattern,4075
circle-minus,4075
message-circle-heart,4069
syringe,4068
list-chevrons-down-up,4065
briefcase-medical,4063
swords,4063
door-open,4059
text-search,4051
list-chevrons-up-down,4049
calendar-arrow-up,4049
table-of-contents,4041
calendar-minus-2,4037
message-square-more,4021
package-2,4009
telescope,4009
stop-circle,3999
ticket-x,3996
expand,3993
grid-2x2-x,3989
zoom-in,3977
circle-arrow-out-up-left,3975
fullscreen,3970
flower,3968
chevrons-up-down,3958
mail-check,3955
more-horizontal,3946
bird,3945
loader-pinwheel,3944
framer,3941
bold,3927
circle-percent,3926
dock,3922
chromium,3917
drone,3914
corner-down-right,3910
car-front,3906
file-music,3904
boom-box,3894
hand-fist,3881
umbrella-off,3879
shirt,3878
gallery-vertical,3875
radio,3870
terminal-square,3864
book-up,3862
clipboard-minus,3854
calendar-plus-2,3846
badge-x,3845
dices,3832
switch-camera,3825
languages,3824
pen-off,3824
fish-off,3820
martini,3816
crosshair,3814
ear-off,3812
grip-horizontal,3800
plane-takeoff,3796
focus,3792
file-plus,3782
hand,3781
swatch-book,3777
calendar-1,3775
shield-minus,3773
pencil-off,3769
list-collapse,3748
microscope,3748
keyboard,3743
plane,3740
dna-off,3735
chevrons-left-right,3730
volume-x,3706
pencil-line,3701
flower-2,3699
chef-hat,3696
disc-2,3693
codepen,3687
diamond-percent,3685
cloud-moon,3672
scan-search,3661
bookmark-check,3659
message-square-heart,3658
cigarette-off,3650
group,3647
badge-info,3646
turntable,3636
thermometer-snowflake,3629
captions,3628
hospital,3626
send-horizontal,3626
hexagon,3621
circle-dashed,3618
case-sensitive,3618
paintbrush-vertical,3617
clock-12,3612
message-circle-warning,3602
anchor,3601
weight,3600
birdhouse,3594
message-square-warning,3593
parentheses,3589
chess-bishop,3581
bow-arrow,3579
circle-parking-off,3574
file-chart-line,3568
map-pinned,3565
megaphone-off,3562
ear,3561
circle-arrow-down,3561
paintbrush,3561
shredder,3557
square-chevron-right,3552
hand-platter,3550
earth-lock,3542
badge-alert,3535
candy,3531
shopping-basket,3524
tickets-plane,3522
receipt-text,3522
scroll,3520
chevrons-right,3516
circle-fading-arrow-up,3508
folder-code,3507
gamepad-directional,3505
pause-circle,3499
git-branch,3499
equal,3480
wine-off,3475
scan,3472
glass-water,3464
biohazard,3462
circle-arrow-up,3459
scan-line,3458
picture-in-picture-2,3456
square-power,3446
fishing-hook,3444
monitor-smartphone,3444
circle-pound-sterling,3439
popcorn,3417
milk-off,3413
chess-knight,3413
lamp-desk,3407
message-circle-off,3403
scan-face,3395
euro,3393
recycle,3388
file-input,3387
circle-arrow-right,3387
calendar-cog,3385
beef,3385
circle-dot-dashed,3383
memory-stick,3382
monitor-check,3380
file-chart-column,3375
train-front,3369
cloud-sync,3368
flame-kindling,3362
speech,3361
house-heart,3359
square-dashed-kanban,3355
ship-wheel,3340
ticket-check,3336
layers-2,3333
utensils-crossed,3326
rows-3,3316
van,3312
shrimp,3309
hard-drive,3306
smile-plus,3306
joystick,3301
brackets,3300
donut,3299
square-kanban,3295
clock-alert,3290
square-asterisk,3288
dumbbell,3287
user-cog,3283
laptop-minimal-check,3274
person-standing,3267
image-up,3264
monitor-dot,3262
cuboid,3260
cannabis-off,3257
circle-check-big,3257
calendar-minus,3248
bluetooth,3245
user-search,3244
videotape,3241
folder-cog,3236
tablet-smartphone,3230
hop-off,3228
folder-heart,3223
pill-bottle,3221
ship,3221
picture-in-picture,3217
file-chart-pie,3217
party-popper,3211
file-video-camera,3210
file-output,3208
helicopter,3205
monitor-x,3202
route-off,3194
route,3189
mouse-pointer-2-off,3184
scan-barcode,3179
message-square-off,3171
gitlab,3169
badge-question-mark,3166
circle-alert,3154
flashlight-off,3152
pyramid,3148
clock-arrow-down,3146
square-star,3145
line-chart,3140
house-plus,3139
shapes,3138
drill,3138
ticket-percent,3137
move-3d,3133
file-stack,3131
construction,3130
roller-coaster,3129
keyboard-off,3128
folder-search-2,3126
clock-arrow-up,3124
sun-moon,3121
wheat-off,3121
cloud-off,3096
cylinder,3090
panel-top-bottom-dashed,3080
pen-tool,3079
circle-arrow-left,3073
bookmark-x,3071
handbag,3068
line-squiggle,3067
hand-helping,3060
notepad-text-dashed,3059
calendar-x-2,3050
calendar-fold,3043
panels-top-left,3038
file-badge,3035
infinity,3032
piano,3029
sofa,3027
egg-off,3026
layout-panel-top,3017
file-box,3016
square-dashed-top-solid,3014
decimals-arrow-right,3012
lock-keyhole,3010
tower-control,3007
smartphone-charging,3001
calendar-range,3000
id-card-lanyard,2998
decimals-arrow-left,2997
cone,2995
speaker,2991
panel-bottom-dashed,2988
signal,2986
wallet-cards,2984
ev-charger,2981
minimize-2,2980
microchip,2976
panel-left-dashed,2970
case-lower,2970
cup-soda,2957
door-closed,2955
rows-2,2954
file-play,2951
case-upper,2951
mountain-snow,2941
folder-open-dot,2941
signal-zero,2933
washing-machine,2932
mailbox,2929
coins,2925
mail-warning,2920
panel-left-right-dashed,2919
minus-circle,2918
bookmark-minus,2918
square-chevron-up,2913
cooking-pot,2912
rows-4,2912
medal,2909
sidebar,2904
variable,2904
signal-high,2903
message-square-diff,2898
split,2898
fence,2887
equal-not,2886
map-pin-check-inside,2882
panel-right-dashed,2879
copy-minus,2874
circle-play,2872
git-merge,2870
square-play,2867
folder-plus,2854
hard-drive-download,2853
sparkle,2835
spray-can,2834
mails,2834
search-x,2821
printer-check,2821
search-slash,2817
glasses,2807
refrigerator,2807
mail-plus,2805
map-pin-off,2805
folder-sync,2805
heart-off,2804
mail-question-mark,2798
flag-triangle-right,2794
refresh-cw-off,2794
panel-top-dashed,2794
test-tube-diagonal,2791
moon-star,2788
flashlight,2782
link-2-off,2773
warehouse,2773
clock-3,2771
inspection-panel,2766
file-search-corner,2765
torus,2763
cloud-check,2762
piggy-bank,2760
door-closed-locked,2759
message-square-quote,2759
message-circle-x,2757
file-heart,2757
qr-code,2753
rotate-3d,2753
test-tube,2753
signal-low,2750
truck-electric,2747
list-start,2745
unlock,2743
clock-2,2741
tent-tree,2741
house-plug,2739
signal-medium,2737
map-pin-plus-inside,2735
radio-tower,2734
flag-triangle-left,2727
chess-pawn,2726
wand,2722
file-exclamation-point,2722
chess-rook,2721
rectangle-horizontal,2721
monitor-down,2720
cloud-upload,2715
club,2712
paint-roller,2711
map-minus,2709
message-circle-code,2700
trending-up-down,2699
motorbike,2698
plane-landing,2697
file-code-corner,2695
git-commit-horizontal,2694
pen,2692
headphone-off,2691
file-lock,2691
git-branch-plus,2682
code-xml,2680
banana,2680
search-alert,2679
user-pen,2679
vibrate-off,2678
map-pin-check,2671
map-pin-minus-inside,2666
car-taxi-front,2664
receipt-cent,2658
copy-x,2657
heater,2654
milestone,2649
clock-10,2647
clock-4,2642
user-round-search,2635
file-pen-line,2634
file-minus,2629
circuit-board,2623
voicemail,2621
fan,2616
divide,2615
mouse-pointer-ban,2614
square-percent,2612
zap-off,2604
train-front-tunnel,2602
folder-git,2599
shower-head,2598
circle-arrow-out-up-right,2597
search-code,2594
check-line,2593
eye-closed,2590
music-3,2588
university,2587
git-pull-request,2586
map-pin-x-inside,2586
git-commit-vertical,2584
cloudy,2583
worm,2582
vote,2577
mic-vocal,2576
file-check-corner,2575
file-plus-corner,2566
message-square-code,2562
rotate-ccw-square,2561
sunrise,2558
scale-3d,2558
message-square-plus,2555
fish,2550
message-square-x,2549
square-terminal,2543
folder-tree,2542
folder-git-2,2538
lamp-wall-up,2536
octagon-minus,2532
square-dashed-mouse-pointer,2529
ticket-minus,2527
calendar-x,2526
hard-hat,2525
hard-drive-upload,2524
receipt-indian-rupee,2524
layout-panel-left,2523
nut-off,2522
circle-small,2521
tree-palm,2516
list-check,2516
circle-pause,2515
siren,2514
circle-user-round,2512
type-outline,2511
laptop-minimal,2510
clock-11,2508
trello,2500
lollipop,2499
fast-forward,2498
tags,2496
circle-chevron-up,2492
utility-pole,2490
scan-heart,2487
screen-share-off,2481
scissors-line-dashed,2481
panel-right-open,2478
signpost-big,2478
cigarette,2477
fish-symbol,2474
theater,2473
map-pin-minus,2471
git-fork,2469
milk,2468
folder-down,2462
map-pin-plus,2459
square-check-big,2458
pocket,2456
pilcrow-left,2454
rotate-cw-square,2453
receipt-japanese-yen,2450
test-tubes,2446
mic-off,2444
user-x,2442
ticket-plus,2442
clipboard-x,2441
vault,2439
circle-arrow-out-down-left,2436
circle-arrow-out-down-right,2428
clipboard-pen,2427
package-search,2424
square-arrow-right,2422
pocket-knife,2421
lamp-wall-down,2419
git-branch-minus,2412
flip-horizontal,2412
message-circle-reply,2411
file-braces,2405
navigation-2-off,2404
image-upscale,2401
monitor-up,2399
wind-arrow-down,2396
square-arrow-down,2394
badge,2392
clock-fading,2388
sunset,2387
skip-back,2384
tickets,2383
toggle-left,2382
file-braces-corner,2380
pilcrow-right,2377
clock-plus,2377
clock-1,2376
map-pin-x,2376
fuel,2376
lamp-ceiling,2370
square-arrow-up,2369
radiation,2365
file-cog,2361
kayak,2356
git-pull-request-arrow,2356
minimize,2353
square-mouse-pointer,2352
dna,2352
folder-check,2352
mouse-off,2351
tram-front,2350
cross,2348
folder-minus,2343
chevron-last,2339
rocking-chair,2329
twitch,2327
lamp-floor,2320
circle-chevron-right,2320
scan-qr-code,2319
remove-formatting,2315
message-square-text,2315
message-square-share,2313
square-arrow-up-left,2311
list-restart,2310
table,2305
message-circle-dashed,2303
circle-parking,2297
frown,2296
list-video,2292
shield-user,2286
pi,2285
square-stack,2285
list-minus,2283
octagon-x,2282
chevrons-down-up,2281
folder-key,2281
file-clock,2281
panda,2279
folder-input,2272
square-arrow-out-up-right,2270
circle-stop,2269
square-arrow-down-left,2264
user-round-pen,2261
flip-horizontal-2,2261
message-circle-question-mark,2261
folder-symlink,2260
square-arrow-up-right,2256
folder-lock,2255
webhook-off,2254
folder-archive,2253
send-to-back,2253
file-headphone,2252
triangle-right,2249
bus-front,2248
server-cog,2248
usb,2247
folder-clock,2245
tally-2,2245
pilcrow,2243
message-square-dot,2242
square-dashed-bottom-code,2241
list-todo,2240
laugh,2238
clipboard-type,2233
ribbon,2232
undo-2,2231
waves-arrow-up,2229
square-pilcrow,2228
square-pi,2227
cookie,2226
circle-chevron-left,2225
file-x,2223
hand-metal,2220
ham,2220
repeat,2219
tally-4,2215
chevrons-down,2212
mail-minus,2211
clock-5,2203
pc-case,2203
diameter,2202
smartphone-nfc,2200
square-arrow-down-right,2199
git-pull-request-create,2197
replace,2196
flip-vertical,2192
git-pull-request-create-arrow,2188
square-parking-off,2185
salad,2185
scaling,2185
japanese-yen,2184
square-round-corner,2184
lamp,2183
square-dashed-bottom,2183
leafy-green,2182
croissant,2173
tally-3,2172
tree-pine,2171
power-off,2167
toggle-right,2166
zoom-out,2163
tornado,2161
git-pull-request-closed,2161
rail-symbol,2161
file-code-2,2156
wifi-off,2154
delete,2153
grip,2150
panel-left-open,2149
map-pin-pen,2148
receipt-pound-sterling,2147
chevrons-right-left,2146
wine,2144
clock-9,2143
wifi-cog,2138
parking-meter,2135
copy-check,2135
rectangle-goggles,2133
square-arrow-left,2133
heading-4,2132
image-minus,2131
tally-5,2131
snail,2130
flip-vertical-2,2129
heading-2,2127
file-minus-corner,2120
locate,2119
waves-arrow-down,2118
heading-3,2116
folder-up,2113
vibrate,2110
refresh-ccw-dot,2110
message-square-dashed,2108
redo-dot,2107
circle-chevron-down,2106
heading,2106
house-wifi,2105
map-plus,2105
bean,2104
file-up,2102
file-archive,2100
square-chevron-left,2097
message-square-lock,2097
navigation-off,2096
phone-off,2091
file-spreadsheet,2087
ice-cream-bowl,2085
hash,2083
user-star,2081
equal-approximately,2077
gamepad,2072
message-circle-plus,2072
file-x-corner,2070
circle-divide,2070
file-terminal,2069
layers-plus,2068
panel-bottom-open,2064
wand-2,2063
folder-pen,2062
wand-sparkles,2061
strikethrough,2060
clock-8,2058
citrus,2054
contrast,2052
pipette,2049
sandwich,2049
user-round-check,2048
weight-tilde,2044
toy-brick,2042
vector-square,2041
spell-check-2,2041
file-type,2040
radar,2033
mars-stroke,2031
bus,2029
orbit,2026
folder-output,2025
rotate-ccw-key,2024
table-properties,2021
redo-2,2019
rabbit,2019
venetian-mask,2010
sword,2010
soap-dispenser-droplet,2004
square-slash,2002
non-binary,1997
tally-1,1996
square-function,1995
section,1993
carrot,1992
file-digit,1992
scan-text,1992
clock-6,1984
table-2,1984
webhook,1983
dribbble,1982
squirrel,1981
monitor-off,1978
receipt-russian-ruble,1975
folder-root,1971
cloud-download,1971
heading-5,1970
soup,1968
git-pull-request-draft,1961
waves-ladder,1960
diff,1954
panel-top-open,1954
squircle-dashed,1953
rectangle-circle,1950
spline-pointer,1949
wifi-sync,1946
spade,1946
cannabis,1945
ungroup,1941
panel-top-close,1940
spell-check,1939
currency,1932
clipboard-pen-line,1932
stone,1930
monitor-speaker,1928
heading-1,1928
step-forward,1926
folder-x,1925
timer-off,1922
star-half,1921
square-menu,1917
tool-case,1906
square-bottom-dashed-scissors,1906
fold-horizontal,1904
loader-2,1902
mouse-pointer-click,1900
move-vertical,1895
mail-search,1895
panel-left-close,1895
square-scissors,1891
stamp,1886
phone-outgoing,1884
mail-open,1884
mail-x,1881
text-initial,1877
git-compare-arrows,1877
table-columns-split,1874
heart-crack,1872
message-square-reply,1871
folders,1868
touchpad-off,1863
squares-subtract,1859
server-off,1857
folder-closed,1854
lasso-select,1852
octagon-alert,1852
panels-right-bottom,1851
file-key,1850
heading-6,1849
shrub,1848
clover,1847
italic,1842
panel-bottom-close,1837
git-graph,1834
save-off,1833
table-rows-split,1829
git-compare,1826
drumstick,1818
unfold-vertical,1817
check-square,1816
chevron-first,1816
navigation-2,1816
mouse-pointer,1815
user-round-x,1815
ghost,1809
screen-share,1806
pointer-off,1806
tree-deciduous,1805
calendars,1804
list-music,1798
user-minus,1797
panel-right-close,1796
lightbulb-off,1794
shovel,1793
tablets,1792
train-track,1791
move-horizontal,1788
church,1787
square-x,1784
ice-cream-cone,1776
square-code,1774
phone-forwarded,1770
list-tree,1768
lectern,1767
funnel-plus,1766
georgian-lari,1763
radical,1757
philippine-peso,1753
squares-unite,1749
squares-exclude,1744
whole-word,1741
list-x,1739
rectangle-vertical,1737
phone-incoming,1733
panels-left-bottom,1730
lasso,1728
spool,1728
grape,1727
save-all,1727
clipboard-paste,1726
square-m,1719
microwave,1719
receipt-swiss-franc,1718
logs,1717
satellite,1712
forklift,1707
pound-sterling,1698
square-radical,1694
meh,1692
file-signal,1692
goal,1692
tractor,1690
square-arrow-out-up-left,1687
hand-grab,1687
option,1685
file-symlink,1677
ligature,1676
list-indent-decrease,1675
squares-intersect,1674
sliders-vertical,1673
underline,1671
server-crash,1667
triangle,1666
sheet,1664
list-indent-increase,1664
podcast,1659
russian-ruble,1658
list-end,1658
file-scan,1655
square-dashed,1653
signpost,1651
globe-x,1648
octagon-pause,1640
globe-2,1639
creative-commons,1638
package-minus,1638
space,1633
nfc,1633
vegan,1633
move-diagonal-2,1632
radius,1630
plug-2,1628
square-check,1626
unlink-2,1625
clipboard-copy,1620
circle-equal,1620
receipt-turkish-lira,1615
wifi-high,1612
user-circle-2,1612
luggage,1611
panel-top,1607
fold-vertical,1606
text-align-start,1602
phone-missed,1601
music-2,1598
origami,1598
triangle-dashed,1595
replace-all,1592
receipt-euro,1591
text-select,1590
wifi-zero,1588
undo-dot,1588
clock-check,1583
wallet-minimal,1583
cherry,1583
file-type-corner,1581
concierge-bell,1576
text-quote,1575
unplug,1571
traffic-cone,1561
square-arrow-out-down-left,1558
dam,1548
volume-off,1543
magnet,1543
radio-receiver,1541
scooter,1540
square-parking,1524
user-round-plus,1524
panel-bottom,1517
package-plus,1514
repeat-2,1510
file-question-mark,1508
sigma,1505
square-sigma,1505
package-x,1504
highlighter,1495
spline,1489
toilet,1486
verified,1483
shrink,1483
stretch-horizontal,1481
hop,1477
move-right,1476
move-up,1462
square-arrow-out-down-right,1459
rat,1453
egg-fried,1451
funnel-x,1450
text-wrap,1450
move-diagonal,1440
timer-reset,1428
turtle,1428
solar-panel,1425
user-round-minus,1420
satellite-dish,1416
square-chevron-down,1415
box-select,1410
sailboat,1409
file-volume,1403
user-round-cog,1396
unfold-horizontal,1394
unlink,1390
copyright,1388
list-filter-plus,1387
swiss-franc,1386
square-user-round,1385
move-down,1381
wifi-low,1371
table-cells-split,1370
table-cells-merge,1370
tangent,1364
superscript,1361
corner-down-left,1360
square-pause,1353
stretch-vertical,1352
slash,1351
separator-horizontal,1347
lock-keyhole-open,1343
saudi-riyal,1338
align-justify,1334
corner-right-up,1329
merge,1329
rewind,1324
octagon,1304
corner-right-down,1299
move-left,1290
corner-left-up,1287
user-lock,1286
square-user,1285
turkish-lira,1284
mouse,1281
file-check-2,1279
tablet,1278
separator-vertical,1275
list-filter,1268
webcam,1266
corner-up-left,1265
square-divide,1264
corner-left-down,1260
volume-1,1256
square-stop,1254
square-split-horizontal,1252
transgender,1251
step-back,1249
popsicle,1239
reply,1238
text-align-justify,1234
file-diff,1231
touchpad,1224
lock-open,1216
text-cursor-input,1209
reply-all,1208
pizza,1196
router,1187
regex,1181
volume,1176
file-plus-2,1174
watch,1173
move-up-right,1167
wifi-pen,1164
nut,1162
square-dot,1155
move-up-left,1132
download-cloud,1131
square-split-vertical,1126
iteration-ccw,1114
stars,1114
repeat-1,1092
iteration-cw,1089
kanban-square,1085
sun-medium,1083
text-align-center,1068
move-down-right,1068
pointer,1056
move-down-left,1040
funnel,1023
square-square,1015
slice,1011
text-align-end,1006
parking-circle,995
laptop-2,990
import,979
columns,966
text-cursor,940
sun-dim,936
printer-x,931
arrow-up-circle,929
align-left,904
pentagon,902
haze,901
move,896
square-equal,896
sliders,893
copyleft,857
user-circle,838
arrow-down-circle,827
subscript,764
bar-chart-4,749
fingerprint,730
squircle,705
plus-square,700
align-center,700
layers-3,672
grid,656
align-right,553
arrow-right-circle,545
edit-2,506
alert-octagon,492
file-json,409
indent,388
play-square,388
file-edit,350
minus-square,348
text,345
arrow-left-circle,302
file-warning,297
badge-help,290
git-commit,288
train,281
gantt-chart,280
file-json-2,270
file-video-2,266
candlestick-chart,258
outdent,257
test-tube-2,255
file-question,245
file-x-2,244
file-badge-2,227
file-audio,219
ice-cream,217
shield-question,216
mail-question,214
x-octagon,213
area-chart,213
alarm-minus,209
alarm-check,209
file-minus-2,208
bar-chart-big,207
function-square,205
file-bar-chart,205
users-2,204
bar-chart-horizontal,202
palmtree,201
file-lock-2,201
file-audio-2,201
file-type-2,200
x-square,198
grab,196
file-search-2,196
file-video,196
alarm-plus,193
gauge-circle,193
file-signature,184
file-volume-2,182
wrap-text,181
ice-cream-2,178
filter-x,176
folder-edit,174
bar-chart-horizontal-big,171
file-key-2,171
mic-2,169
activity-square,163
sort-asc,159
grid-3-x-3,159
tv-2,158
indent-decrease,158
indent-increase,158
folder-cog-2,158
file-bar-chart-2,156
pen-square,155
divide-circle,151
clipboard-edit,151
pause-octagon,149
file-line-chart,149
arrow-left-square,148
arrow-right-square,148
divide-square,147
inspect,146
arrow-down-za,146
arrow-up-az,146
arrow-up-10,146
file-pie-chart,146
arrow-down-01,145
arrow-up-01,145
chevron-right-square,145
arrow-down-square,145
arrow-down-10,144
arrow-down-az,143
sort-desc,142
form-input,142
chevron-up-square,142
square-gantt-chart,142
location-edit,142
clipboard-signature,142
chevron-left-square,141
arrow-up-square,141
arrow-up-za,140
arrow-up-right-from-square,140
scatter-chart,139
arrow-down-right-square,139
circle-slashed,138
chevron-down-square,138
chevron-right-circle,138
book-template,138
axis-3-d,137
chevron-left-circle,137
rows,137
chevron-down-circle,136
chevron-up-circle,136
arrow-down-left-square,135
arrow-down-right-from-square,135
paintbrush-2,134
pilcrow-square,134
arrow-down-left-from-circle,133
gantt-chart-square,133
asterisk-square,133
arrow-down-right-from-circle,132
arrow-up-right-square,132
letter-text,132
split-square-vertical,131
arrow-down-left-from-square,131
helping-hand,130
arrow-up-right-from-circle,130
arrow-up-left-from-square,130
arrow-up-left-square,130
shield-close,129
user-square,129
parking-square,129
code-square,129
contact-2,128
subtitles,128
file-axis-3-d,126
scissors-square,126
parking-square-off,125
arrow-up-left-from-circle,125
split-square-horizontal,124
between-horizonal-start,124
percent-square,123
check-square-2,123
sidebar-open,122
file-cog-2,122
pi-square,121
power-square,121
curly-braces,121
library-square,121
menu-square,121
sidebar-close,120
percent-circle,120
wallet-2,120
between-horizonal-end,120
columns-settings,119
school-2,119
mouse-pointer-square-dashed,118
percent-diamond,117
panels-left-right,117
fork-knife,117
fork-knife-crossed,117
plug-zap-2,116
parking-circle-off,116
scale-3-d,115
sigma-square,114
m-square,113
text-selection,111
equal-square,111
dot-square,111
table-config,110
kanban-square-dashed,110
user-check-2,108
grid-2-x-2-plus,107
user-plus-2,105
panel-bottom-inactive,105
scissors-square-dashed-bottom,105
send-horizonal,105
user-2,105
pen-box,105
user-minus-2,105
grid-2-x-2-check,105
panel-right-inactive,104
panel-left-inactive,104
panel-top-inactive,104
rotate-3-d,104
panels-top-bottom,103
user-cog-2,102
user-square-2,102
grid-2-x-2,100
slash-square,100
grid-2-x-2-x,99
power-circle,99
user-x-2,99
unlock-keyhole,91
move-3-d,90
circle-check.min,44
arrow-right.min,39
paintbrush.min,25
store.min,24
star.min,23
pen-tool.min,22
phone.min,21
arrow-up-right.min,20
chevron-down.min,20
chevron-right.min,20
code.min,20
cog.min,20
instagram.min,20
mail.min,20
map-pin.min,20
shrub.min,20
briefcase.min,19
cake.min,19
clock.min,19
layout-dashboard.min,19
truck.min,19
arrow-left.min,18
facebook.min,18
monitor.min,18
mouse-pointer-square,8
